id,date,product,category,channel,status,quantity,revenue,cost
SR-1001,2026-07-01,Сумка Кросс,Сумки,Сайт,Оплачен,3,16800,8736
SR-1002,2026-07-02,Рюкзак Трек,Рюкзаки,Розница,Оплачен,1,9200,5152
SR-1003,2026-07-03,Ремень Линия,Аксессуары,Маркетплейс,Оплачен,2,4800,2880
SR-1004,2026-07-04,Сумка Тоут,Сумки,Сайт,Оплачен,3,12600,8064
SR-1005,2026-07-05,Рюкзак Город,Рюкзаки,Розница,Оплачен,1,7800,4056
SR-1006,2026-07-06,Кошелёк Компакт,Аксессуары,Маркетплейс,Оплачен,2,3800,2128
SR-1007,2026-07-07,Сумка Кросс,Сумки,Сайт,Оплачен,3,16800,10080
SR-1008,2026-07-08,Рюкзак Трек,Рюкзаки,Розница,Оплачен,1,9200,5888
SR-1009,2026-07-09,Ремень Линия,Аксессуары,Маркетплейс,Возврат,2,4800,2496
SR-1010,2026-07-10,Сумка Тоут,Сумки,Сайт,Оплачен,3,12600,7056
SR-1011,2026-07-11,Рюкзак Город,Рюкзаки,Розница,Оплачен,1,7800,4680
SR-1012,2026-07-12,Кошелёк Компакт,Аксессуары,Маркетплейс,Оплачен,2,3800,2432
SR-1013,2026-07-13,Сумка Кросс,Сумки,Сайт,Оплачен,3,16800,8736
SR-1014,2026-07-14,Рюкзак Трек,Рюкзаки,Розница,Оплачен,1,9200,5152
SR-1015,2026-07-15,Ремень Линия,Аксессуары,Маркетплейс,Оплачен,2,4800,2880
SR-1016,2026-07-16,Сумка Тоут,Сумки,Сайт,Оплачен,3,12600,8064
SR-1017,2026-07-17,Рюкзак Город,Рюкзаки,Розница,Оплачен,1,7800,4056
SR-1018,2026-07-18,Кошелёк Компакт,Аксессуары,Маркетплейс,Оплачен,2,3800,2128
SR-1019,2026-07-19,Сумка Кросс,Сумки,Сайт,Оплачен,3,16800,10080
SR-1020,2026-07-20,Рюкзак Трек,Рюкзаки,Розница,Оплачен,1,9200,5888
SR-1021,2026-07-21,Ремень Линия,Аксессуары,Маркетплейс,Оплачен,2,4800,2496
SR-1022,2026-07-22,Сумка Тоут,Сумки,Сайт,Оплачен,3,12600,7056
SR-1023,2026-07-23,Рюкзак Город,Рюкзаки,Розница,Оплачен,1,7800,4680
SR-1024,2026-07-24,Кошелёк Компакт,Аксессуары,Маркетплейс,Оплачен,2,3800,2432
SR-1025,2026-07-25,Сумка Кросс,Сумки,Сайт,Оплачен,3,16800,8736
SR-1026,2026-07-26,Рюкзак Трек,Рюкзаки,Розница,Возврат,1,9200,5152
SR-1027,2026-07-27,Ремень Линия,Аксессуары,Маркетплейс,Оплачен,2,4800,2880
SR-1028,2026-07-28,Сумка Тоут,Сумки,Сайт,Оплачен,3,12600,8064
SR-1029,2026-07-29,Рюкзак Город,Рюкзаки,Розница,Оплачен,1,7800,4056
SR-1030,2026-07-30,Кошелёк Компакт,Аксессуары,Маркетплейс,Оплачен,2,3800,2128
SR-1031,2026-08-01,Ремень Линия,Аксессуары,Маркетплейс,Оплачен,1,2400,1344
SR-1032,2026-08-02,Сумка Тоут,Сумки,Сайт,Оплачен,2,8400,5040
SR-1033,2026-08-03,Рюкзак Город,Рюкзаки,Розница,Оплачен,3,23400,14976
SR-1034,2026-08-04,Кошелёк Компакт,Аксессуары,Маркетплейс,Оплачен,1,1900,988
SR-1035,2026-08-05,Сумка Кросс,Сумки,Сайт,Оплачен,2,11200,6272
SR-1036,2026-08-06,Рюкзак Трек,Рюкзаки,Розница,Оплачен,3,27600,16560
SR-1037,2026-08-07,Ремень Линия,Аксессуары,Маркетплейс,Оплачен,1,2400,1536
SR-1038,2026-08-08,Сумка Тоут,Сумки,Сайт,Оплачен,2,8400,4368
SR-1039,2026-08-09,Рюкзак Город,Рюкзаки,Розница,Оплачен,3,23400,13104
SR-1040,2026-08-10,Кошелёк Компакт,Аксессуары,Маркетплейс,Оплачен,1,1900,1140
SR-1041,2026-08-11,Сумка Кросс,Сумки,Сайт,Оплачен,2,11200,7168
SR-1042,2026-08-12,Рюкзак Трек,Рюкзаки,Розница,Оплачен,3,27600,14352
SR-1043,2026-08-13,Ремень Линия,Аксессуары,Маркетплейс,Возврат,1,2400,1344
SR-1044,2026-08-14,Сумка Тоут,Сумки,Сайт,Оплачен,2,8400,5040
SR-1045,2026-08-15,Рюкзак Город,Рюкзаки,Розница,Оплачен,3,23400,14976
SR-1046,2026-08-16,Кошелёк Компакт,Аксессуары,Маркетплейс,Оплачен,1,1900,988
SR-1047,2026-08-17,Сумка Кросс,Сумки,Сайт,Оплачен,2,11200,6272
SR-1048,2026-08-18,Рюкзак Трек,Рюкзаки,Розница,Оплачен,3,27600,16560
SR-1049,2026-08-19,Ремень Линия,Аксессуары,Маркетплейс,Оплачен,1,2400,1536
SR-1050,2026-08-20,Сумка Тоут,Сумки,Сайт,Оплачен,2,8400,4368
SR-1051,2026-08-21,Рюкзак Город,Рюкзаки,Розница,Оплачен,3,23400,13104
SR-1052,2026-08-22,Кошелёк Компакт,Аксессуары,Маркетплейс,Оплачен,1,1900,1140
SR-1053,2026-08-23,Сумка Кросс,Сумки,Сайт,Оплачен,2,11200,7168
SR-1054,2026-08-24,Рюкзак Трек,Рюкзаки,Розница,Оплачен,3,27600,14352
SR-1055,2026-08-25,Ремень Линия,Аксессуары,Маркетплейс,Оплачен,1,2400,1344
SR-1056,2026-08-26,Сумка Тоут,Сумки,Сайт,Оплачен,2,8400,5040
SR-1057,2026-08-27,Рюкзак Город,Рюкзаки,Розница,Оплачен,3,23400,14976
SR-1058,2026-08-28,Кошелёк Компакт,Аксессуары,Маркетплейс,Оплачен,1,1900,988
SR-1059,2026-08-29,Сумка Кросс,Сумки,Сайт,Оплачен,2,11200,6272
SR-1060,2026-08-30,Рюкзак Трек,Рюкзаки,Розница,Возврат,3,27600,16560
SR-1061,2026-09-01,Рюкзак Город,Рюкзаки,Розница,Оплачен,2,15600,9360
SR-1062,2026-09-02,Кошелёк Компакт,Аксессуары,Маркетплейс,Оплачен,3,5700,3648
SR-1063,2026-09-03,Сумка Кросс,Сумки,Сайт,Оплачен,1,5600,2912
SR-1064,2026-09-04,Рюкзак Трек,Рюкзаки,Розница,Оплачен,2,18400,10304
SR-1065,2026-09-05,Ремень Линия,Аксессуары,Маркетплейс,Оплачен,3,7200,4320
SR-1066,2026-09-06,Сумка Тоут,Сумки,Сайт,Оплачен,1,4200,2688
SR-1067,2026-09-07,Рюкзак Город,Рюкзаки,Розница,Оплачен,2,15600,8112
SR-1068,2026-09-08,Кошелёк Компакт,Аксессуары,Маркетплейс,Оплачен,3,5700,3192
SR-1069,2026-09-09,Сумка Кросс,Сумки,Сайт,Оплачен,1,5600,3360
SR-1070,2026-09-10,Рюкзак Трек,Рюкзаки,Розница,Оплачен,2,18400,11776
SR-1071,2026-09-11,Ремень Линия,Аксессуары,Маркетплейс,Оплачен,3,7200,3744
SR-1072,2026-09-12,Сумка Тоут,Сумки,Сайт,Оплачен,1,4200,2352
SR-1073,2026-09-13,Рюкзак Город,Рюкзаки,Розница,Оплачен,2,15600,9360
SR-1074,2026-09-14,Кошелёк Компакт,Аксессуары,Маркетплейс,Оплачен,3,5700,3648
SR-1075,2026-09-15,Сумка Кросс,Сумки,Сайт,Оплачен,1,5600,2912
SR-1076,2026-09-16,Рюкзак Трек,Рюкзаки,Розница,Оплачен,2,18400,10304
SR-1077,2026-09-17,Ремень Линия,Аксессуары,Маркетплейс,Возврат,3,7200,4320
SR-1078,2026-09-18,Сумка Тоут,Сумки,Сайт,Оплачен,1,4200,2688
SR-1079,2026-09-19,Рюкзак Город,Рюкзаки,Розница,Оплачен,2,15600,8112
SR-1080,2026-09-20,Кошелёк Компакт,Аксессуары,Маркетплейс,Оплачен,3,5700,3192
SR-1081,2026-09-21,Сумка Кросс,Сумки,Сайт,Оплачен,1,5600,3360
SR-1082,2026-09-22,Рюкзак Трек,Рюкзаки,Розница,Оплачен,2,18400,11776
SR-1083,2026-09-23,Ремень Линия,Аксессуары,Маркетплейс,Оплачен,3,7200,3744
SR-1084,2026-09-24,Сумка Тоут,Сумки,Сайт,Оплачен,1,4200,2352
SR-1085,2026-09-25,Рюкзак Город,Рюкзаки,Розница,Оплачен,2,15600,9360
SR-1086,2026-09-26,Кошелёк Компакт,Аксессуары,Маркетплейс,Оплачен,3,5700,3648
SR-1087,2026-09-27,Сумка Кросс,Сумки,Сайт,Оплачен,1,5600,2912
SR-1088,2026-09-28,Рюкзак Трек,Рюкзаки,Розница,Оплачен,2,18400,10304
SR-1089,2026-09-29,Ремень Линия,Аксессуары,Маркетплейс,Оплачен,3,7200,4320
SR-1090,2026-09-30,Сумка Тоут,Сумки,Сайт,Оплачен,1,4200,2688
